isin,ticker,name,note
IS0000000297,BRIM,Brim,
IS0000020709,EIK,Eik fasteignafélag,
IS0000019800,EIM,Eimskip,
IS0000020584,FESTI,Festi,
IS0000020121,HAGA,Hagar,
IS0000021301,HEIMAR,Heimar,Áður Reginn (REGINN)
IS0000013464,ICEAIR,Icelandair,
IS0000026961,ICESEA,Iceland Seafood,
IS0000029114,KALD,Kaldalón,Eldra ISIN
IS0000035632,KALD,Kaldalón,Nýtt ISIN
IS0000020469,KVIKA,Kvika banki,
IS0000031045,NOVA,Nova,
IS0000028678,BERA,Ölgerðin / BERA,Auðkenni var OLGERD til febrúar 2026
IS0000000396,ORIGO,Origo,Afskráð 2023
IS0000032936,PLAY,Play,Afskráð 2025
IS0000020352,REITIR,Reitir,
IS0000001311,SFS B,Sláturfélag Suðurlands,
IS0000026193,SIMINN,Síminn,
IS0000024602,SJOVA,Sjóvá,
IS0000007078,SKAGI,Skagi,Áður VÍS (VIS)
IS0000000503,SKEL,Skel fjárfestingafélag,
IS0000033173,SOLID,Solid Clouds,
IS0000000479,SVN,Síldarvinnslan,
IS0000020485,SYN,Sýn,
