raw_name,fund_key
Almenni - Lífsverk lífeyrissjóður,almenni
Almenni lífeyrissjóðurinn,almenni
Lífsverk lífeyrissjóður,lifsverk
Arion banki hf.,arion
Birta lífeyrissjóður,birta
Brú Lífeyrissjóður starfsmanna sveitarfélaga,bru
Eftirlaunasjóður FÍA,efia
Eftirlaunasj atvinnuflugmanna,efia
Festa - lífeyrissjóður,festa
Frjálsi lífeyrissjóðurinn,frjalsi
Gildi - lífeyrissjóður,gildi
Kvika banki hf.,kvika
Landsbankinn hf.,landsbankinn
Lífeyrissjóður Rangæinga,rangaeingar
Lífeyrissjóður Tannlæknafél Ísl,tannlaeknar
Lífeyrissjóður Vestmannaeyja,vestmannaeyjar
Lífeyrissjóður bankamanna,bankamenn
Lífeyrissjóður bænda,baendur
Lífeyrissjóður starfsmanna Búnaðarbanka Íslands,bunadarbanki
Lífeyrissjóður starfsmanna ríkisins,lsr
Lífeyrissjóður verzlunarmanna,lv
Lífeyrissjóður verslunarmanna,lv
Lífsval - lífeyrissparnaður,lifsval
Stapi lífeyrissjóður,stapi
Söfnunarsjóður lífeyrisréttinda,sofnunarsjodur
Íslandsbanki hf.,islandsbanki
Íslenski lífeyrissjóðurinn,islenski
Lífeyrissjóður starfsmanna Akureyrarbæjar,akureyri
Lífeyrissjóður starfsmanna Reykjavíkurborgar,reykjavik
