snapshot_date,ticker,owner_name,owner_id,shares,pct,holding_date
2026-10-01,ARION,Live Pension Fund,4302694459,134945490,9.78,
2026-10-01,ARION,LSR Pension Fund,7112973919,126073298,9.14,
2026-10-01,ARION,Gildi Pension Fund,5611952779,103809046,7.52,
2026-10-01,ARION,Brú Pension Fund,4910982529,73171303,5.3,
2026-10-01,ARION,Stoðir hf.,6012730129,69000000,5.0,
2026-10-01,ARION,Frjálsi Pension Fund,6009780129,56754434,4.11,
2026-10-01,ARION,Vanguard,,56633990,4.1,
2026-10-01,ARION,Almenni-Lífsverk Pension Fund,4502902549,49914881,3.62,
2026-10-01,ARION,Arion banki hf.,,39769535,2.88,
2026-10-01,ARION,Birta Pension Fund,4302690389,39390521,2.85,
2026-10-01,ARION,Festa Pension Fund,5711710239,38152764,2.76,
2026-10-01,ARION,Frigus,,37815578,2.74,
2026-10-01,ARION,Hvalur hf.,6501696549,36771350,2.66,
2026-10-01,ARION,Stapi Pension Fund,6010922559,35768059,2.59,
2026-10-01,ARION,Stefnir Funds,7009962479,16528228,1.2,
